기준일,시장구분,시가,고가,저가,종가,수정주가,거래량,거래대금,시가총액,외국인시가총액,PER,FPER,PBR,DY,created_at,updated_at,신용잔고,예탁금
2021-11-12,KOSPI,2945.95,2973.84,2938.27,2968.8,,665732990,12473000,2185440000,712758020,,,,,,,12804100,63531300
2021-11-15,KOSPI,2989.68,3003.71,2979.96,2999.52,,639395970,11402100,2207950080,719878980,,,,,,,12736600,64191200
2021-11-16,KOSPI,2995.68,3011.88,2985.34,2997.21,,579646020,11101200,2208640000,720353020,,,,,,,12651300,66382000
2021-11-17,KOSPI,3004.02,3004.67,2957.7,2962.42,,541489980,10661700,2183849980,712806980,,,,,,,12666200,66814300
2021-11-18,KOSPI,2959.26,2964.48,2937.53,2947.38,,541652990,10119300,2173100030,709635970,,,,,,,12699100,66354700
2021-11-19,KOSPI,2951.06,2974.64,2948.07,2971.02,,657094020,11002200,2192240130,715720000,,,,,,,12724500,66080800
2021-11-22,KOSPI,2983.38,3018.01,2980.73,3013.25,,530959008,12945500,2225329920,734547970,,,,,,,12730100,65096400
2021-11-23,KOSPI,3013.16,3016.36,2992.14,2997.33,,524232992,10830500,2213809920,731334980,,,,,,,12704200,65245400
2021-11-24,KOSPI,3006.34,3017.9,2981.02,2994.29,,556640000,10963500,2210800130,729790980,,,,,,,12623100,64670000
2021-11-25,KOSPI,2996.74,2996.74,2973.24,2980.27,,595969980,9401090,2199950080,724508990,,,,,,,12608100,64176500
2021-11-26,KOSPI,2973.04,2985.77,2930.31,2936.44,,595598020,11901300,2167439870,712988030,,,,,,,12660900,64904500
2021-11-29,KOSPI,2906.15,2930.22,2890.78,2909.32,,844400000,13092800,2148359940,707699970,,,,,,,12687000,67010800
2021-11-30,KOSPI,2932.71,2942.93,2822.73,2839.01,,983555970,19852300,2095820030,691120000,,,,,,,12575900,65982400
2021-12-01,KOSPI,2860.12,2905.74,2837.03,2899.72,,563926980,12534500,2143340030,712348990,,,,,,,12348000,67393296
2021-12-02,KOSPI,2874.64,2945.27,2874.64,2945.27,,534462016,11918400,2176910080,725337020,,,,,,,12117100,67279696
2021-12-03,KOSPI,2935.93,2975.44,2927.55,2968.33,,486748992,10344400,2192839940,728300030,,,,,,,11997200,64244400
2021-12-06,KOSPI,2954.82,2983.5,2932.49,2973.25,,479908000,9657400,2197380100,731060990,,,,,,,11956500,64278900
2021-12-07,KOSPI,2973.84,2992.31,2960.9,2991.72,,541369980,10215600,2211219970,736969980,,,,,,,11991200,64455600
2021-12-08,KOSPI,3017.93,3036.13,2995.34,3001.8,,488246016,11115200,2218149890,743489980,,,,,,,12068200,63039300
2021-12-09,KOSPI,3007,3029.57,3001.55,3029.57,,513446016,12614000,2238779900,750788990,,,,,,,12132700,63548400
2021-12-10,KOSPI,3008.7,3017.64,2998.29,3010.23,,451599008,8434890,2225639940,743702020,,,,,,,12118300,63528400
2021-12-13,KOSPI,3019.67,3043.83,3000.51,3001.66,,375828000,8629450,2219440130,742145020,,,,,,,12100900,64477300
2021-12-14,KOSPI,2983.95,3001.7,2976.16,2987.95,,581569980,9856790,2209779970,738963010,,,,,,,12161400,64062500
2021-12-15,KOSPI,2979.83,2992.3,2973,2989.39,,432873984,8253060,2210899970,739772030,,,,,,,12144000,63562200
2021-12-16,KOSPI,3013.26,3018.2,2989.63,3006.41,,402824992,8524310,2223259900,743220990,,,,,,,12187800,63595900
2021-12-17,KOSPI,2985.2,3017.73,2984.19,3017.73,,451824000,11650000,2231059970,744974980,,,,,,,12236200,62840800
2021-12-20,KOSPI,3001.33,3001.33,2962.07,2963,,377584992,8621300,2191460100,730793020,,,,,,,12238100,63519000
2021-12-21,KOSPI,2981.67,2984.56,2955.9,2975.03,,410980000,9108500,2200900100,735998020,,,,,,,12198000,63476600
2021-12-22,KOSPI,2993.5,3000.79,2976.65,2984.48,,461755008,8835650,2208300030,740984000,,,,,,,12257700,62203700
2021-12-23,KOSPI,2998.02,3000.7,2980.91,2998.17,,483839008,9319630,2218650110,745652990,,,,,,,12219900,63346300
2021-12-24,KOSPI,3009.48,3025.77,3009.48,3012.43,,537548030,8583470,2230020100,749900030,,,,,,,12185100,62775800
2021-12-27,KOSPI,3013.94,3017.31,2999.3,2999.55,,475363008,8280390,2221530110,749488000,,,,,,,12159000,64471300
2021-12-28,KOSPI,3006.77,3020.29,2991.55,3020.24,,607046020,12096900,2237619970,754576000,,,,,,,12111800,66201000
2021-12-29,KOSPI,3002.9,3007.72,2988.67,2993.29,,545832000,10908700,2215460100,744068990,,,,,,,12125500,68001504
2021-12-30,KOSPI,2999.75,3005.36,2975.74,2977.65,,461038016,8727460,2203369980,738884990,,,,,,,12055200,69653504
2021-12-31,KOSPI,,,,,,,,,,,,,,,,12050200,67530704
2022-01-03,KOSPI,2998.32,3010.77,2979.42,2988.77,,435825984,8193890,2211369980,741521980,,,,,,,12127400,71732800
2022-01-04,KOSPI,2991.97,2995.25,2973.08,2989.24,,621548990,9991470,2212090110,742230020,,,,,,,12175900,66570200
2022-01-05,KOSPI,2984.05,2986.2,2936.73,2953.97,,787345980,15428400,2186720000,734692990,,,,,,,12194700,68986096
2022-01-06,KOSPI,2925.4,2952.54,2915.38,2920.53,,786044990,13297100,2162439940,728819010,,,,,,,12319300,67356400
2022-01-07,KOSPI,2933.78,2959.03,2933.1,2954.89,,546172030,10582400,2187559940,738684990,,,,,,,12400100,65204700
2022-01-10,KOSPI,2947.37,2951.12,2910.9,2926.72,,477400000,10397800,2166759940,732675010,,,,,,,12281500,64432500
2022-01-11,KOSPI,2930.93,2943.57,2909.82,2927.38,,566172030,10646500,2168029950,737424000,,,,,,,12257600,64664300
2022-01-12,KOSPI,2950.78,2972.58,2950.31,2972.48,,519500992,10895400,2200969980,747854980,,,,,,,12340600,64603300
2022-01-13,KOSPI,2979.91,2982.14,2958.39,2962.09,,604870980,11459000,2193799940,744724990,,,,,,,12267400,64095400
2022-01-14,KOSPI,2937.61,2944.97,2914.73,2921.92,,532668000,10799700,2164999940,735529980,,,,,,,12218800,65340100
2022-01-17,KOSPI,2918.55,2919.67,2875.98,2890.1,,593260990,10396500,2141590020,729366980,,,,,,,12241300,74258896
2022-01-18,KOSPI,2898.98,2902.79,2857.26,2864.24,,554041020,10041000,2121900030,724947010,,,,,,,12303700,70386304
2022-01-19,KOSPI,2840.34,2871.79,2832.18,2842.28,,463830016,9649070,2105219970,719089980,,,,,,,12258700,54020000
2022-01-20,KOSPI,2842.28,2862.7,2830.97,2862.68,,395668992,8872020,2119410050,721451010,,,,,,,12140200,53805600
2022-01-21,KOSPI,2837.49,2847.95,2817.11,2834.29,,532752992,10718100,2098930050,714073020,,,,,,,12020900,74041000
2022-01-24,KOSPI,2823.76,2828.11,2780.68,2792,,473992992,9304490,2068280060,705083010,,,,,,,12034200,71396304
2022-01-25,KOSPI,2786.41,2789.62,2703.99,2720.39,,639958980,11700900,2016269950,688873980,,,,,,,11964300,69545600
2022-01-26,KOSPI,2729.75,2744.14,2708.1,2709.24,,472651008,8978730,2007680000,686580990,,,,,,,11806300,71467296
2022-01-27,KOSPI,2709.24,2722.86,2614.49,2614.49,,487727008,20548800,2056790020,669561980,,,,,,,11564600,75107296
2022-01-28,KOSPI,2617.87,2668.59,2591.53,2663.34,,434187008,13753100,2094860030,685665980,,,,,,,11402500,70344704
2022-02-03,KOSPI,2706.34,2735.34,2702.78,2707.82,,435710016,12472500,2129670020,693120000,,,,,,,11265000,68709904
2022-02-04,KOSPI,2714.83,2751.8,2712.87,2750.26,,536148992,11393300,2162190080,702996990,,,,,,,11113800,66665800
2022-02-07,KOSPI,2750.7,2750.7,2718.94,2745.06,,417838016,11291900,2157580030,694998020,,,,,,,11108200,66809700
2022-02-08,KOSPI,2767.76,2779.85,2726.72,2746.47,,560534020,11785900,2158490110,695107970,,,,,,,11201000,66630300
2022-02-09,KOSPI,2772.63,2773.38,2753.51,2768.85,,539123970,10337600,2176100100,704865980,,,,,,,11344800,64001500
2022-02-10,KOSPI,2787.44,2788.27,2761.76,2771.93,,509611008,12776200,2179940100,712940030,,,,,,,11332100,63695900
2022-02-11,KOSPI,2739.14,2766.7,2735.08,2747.71,,480520000,10992600,2161380100,708851970,,,,,,,11342400,64101100
2022-02-14,KOSPI,2715.1,2724.72,2688.24,2704.48,,616342980,11579400,2126850050,698121020,,,,,,,11350300,65462300
2022-02-15,KOSPI,2712.45,2716.45,2665.47,2676.54,,589038980,9435830,2104889980,693505020,,,,,,,11289400,64558400
2022-02-16,KOSPI,2719.61,2730.43,2711.34,2729.68,,422366016,8389880,2146200060,705494020,,,,,,,11154800,63485100
2022-02-17,KOSPI,2735.11,2770.66,2711.99,2744.09,,611422020,11812900,2157580030,710318020,,,,,,,11006500,63394800
2022-02-18,KOSPI,2714.52,2747.08,2711.88,2744.52,,513520992,8508340,2157430020,706339010,,,,,,,10965800,62500500
2022-02-21,KOSPI,2706.65,2746.62,2694.9,2743.8,,495300992,7896730,2156630020,704665980,,,,,,,10903600,62473100
2022-02-22,KOSPI,2705.08,2721.84,2690.09,2706.79,,648401020,10590500,2127949950,695270980,,,,,,,10949900,63703200
2022-02-23,KOSPI,2727.43,2729.56,2705.31,2719.53,,537841020,9138530,2137369980,695142020,,,,,,,11006500,63142700
2022-02-24,KOSPI,2689.28,2694.55,2642.63,2648.8,,926400000,13586100,2082130050,677118020,,,,,,,11031400,65273300
2022-02-25,KOSPI,2678.47,2694.81,2665.96,2676.76,,664347010,12221000,2103960060,682425020,,,,,,,11082900,64993000
2022-02-28,KOSPI,2663,2699.18,2658.25,2699.18,,613470020,12894200,2120189950,687315970,,,,,,,11079500,63425400
2022-03-02,KOSPI,2698.31,2716.46,2692.24,2703.52,,527950016,10996700,2123030020,684033020,,,,,,,11032700,64362800
2022-03-03,KOSPI,2729.86,2748.21,2726.35,2747.08,,614515010,10592900,2156829950,695652990,,,,,,,11046600,64262900
2022-03-04,KOSPI,2736.58,2736.58,2702.34,2713.43,,765676030,12427400,2132470020,683990020,,,,,,,11152200,63036900
2022-03-07,KOSPI,2680.17,2680.17,2644.1,2651.31,,571561980,12089300,2083200000,665833020,,,,,,,11184600,65862900
2022-03-08,KOSPI,2617.33,2647.18,2605.81,2622.4,,540369980,11679500,2060700030,658347010,,,,,,,11351800,64383200
2022-03-10,KOSPI,2660.86,2682.79,2660.86,2680.32,,613809980,13694700,2105100030,672811010,,,,,,,11459100,63137200
2022-03-11,KOSPI,2665.95,2672.62,2647.28,2661.28,,797033980,12363200,2090550020,665320000,,,,,,,11427800,62500900
2022-03-14,KOSPI,2654.93,2661.76,2633.31,2645.65,,636323970,12037800,2078070020,663616000,,,,,,,11373900,63014000
2022-03-15,KOSPI,2630.31,2641.97,2615.08,2621.53,,604182020,9583000,2059389950,657030980,,,,,,,11464900,62711900
2022-03-16,KOSPI,2649.85,2659.9,2630.03,2659.23,,736353980,9310850,2088519940,666020990,,,,,,,11519700,60971700
2022-03-17,KOSPI,2703.27,2714,2694.51,2694.51,,546078980,11900900,2116540030,677692990,,,,,,,11480200,61063900
2022-03-18,KOSPI,2695.64,2708.16,2688.71,2707.02,,644017020,11442600,2125660030,678380030,,,,,,,11474400,61449200
2022-03-21,KOSPI,2717.81,2717.81,2683.69,2686.05,,502401984,8693850,2109389950,672140030,,,,,,,11404200,62786600
2022-03-22,KOSPI,2686.68,2712.14,2686.58,2710,,489441984,9367510,2127000060,677900990,,,,,,,11448100,62328600
2022-03-23,KOSPI,2727.12,2742.27,2720.83,2735.05,,883376000,11838700,2146409980,684038980,,,,,,,11534000,61585100
2022-03-24,KOSPI,2716.25,2729.66,2705.14,2729.66,,960897980,13177900,2142620030,682560000,,,,,,,11533500,63342200
2022-03-25,KOSPI,2740.83,2740.95,2722.36,2729.98,,602771010,10825000,2143379970,679649980,,,,,,,11545100,62977200
2022-03-28,KOSPI,2721.22,2737.46,2707.74,2729.56,,768043010,9801740,2143330050,679910980,,,,,,,11649300,63856400
2022-03-29,KOSPI,2745.62,2754.18,2733.22,2741.07,,732158980,10020300,2152620030,683337020,,,,,,,11719000,63191100
2022-03-30,KOSPI,2758.31,2760.6,2740.02,2746.74,,840134020,11099500,2156900100,683646020,,,,,,,11737200,62820700
2022-03-31,KOSPI,2743.24,2765.2,2743.2,2757.65,,1030289980,9729370,2164960000,684601020,,,,,,,11726000,63282600
2022-04-01,KOSPI,2745.85,2745.85,2729.68,2739.85,,1305560060,10689600,2151280130,680008000,,,,,,,11684500,66805100
2022-04-04,KOSPI,2729.86,2758.38,2722.45,2757.9,,1022969980,9744920,2164960000,682928000,,,,,,,11664900,65850300
2022-04-05,KOSPI,2765.5,2769.18,2750.5,2759.2,,1605990020,9933180,2165860100,684324990,,,,,,,11737700,62245000
2022-04-06,KOSPI,2739.07,2747.85,2730.66,2735.03,,1321639940,11014500,2147030020,674958020,,,,,,,11742600,62482500
2022-04-07,KOSPI,2714.7,2718.5,2693.36,2695.86,,999276030,12291000,2116920060,665680000,,,,,,,11791400,63666800
2022-04-08,KOSPI,2706.64,2712,2685.52,2700.39,,948355010,10296200,2119200000,666800000,,,,,,,11832400,61892800
2022-04-11,KOSPI,2687.54,2711.02,2683.96,2693.1,,742601980,8831630,2113760000,665422980,,,,,,,11850300,61636000
2022-04-12,KOSPI,2674.17,2685.08,2658.4,2666.76,,870969980,9853720,2092579970,662936000,,,,,,,11836200,62068200
2022-04-13,KOSPI,2677.53,2717.63,2672.6,2716.49,,733241020,9645440,2131309950,669448000,,,,,,,11839900,61577800
2022-04-14,KOSPI,2719.34,2720.3,2702.61,2716.71,,665350980,11419800,2130739970,665193980,,,,,,,11833900,62714000
2022-04-15,KOSPI,2695.52,2705.41,2685.01,2696.06,,693718020,9570270,2114429950,658163010,,,,,,,11784800,61797300
2022-04-18,KOSPI,2685.04,2701.11,2681.37,2693.21,,1024910020,9050330,2112800000,658724990,,,,,,,11822300,62471900
2022-04-19,KOSPI,2707.76,2723.98,2705.32,2718.89,,1257389950,9779980,2133069950,664833980,,,,,,,11883200,61068700
2022-04-20,KOSPI,2718.49,2724.46,2702.84,2718.69,,1736280060,12283900,2132909950,665395970,,,,,,,11882700,60401100
2022-04-21,KOSPI,2725.71,2737.54,2725.04,2728.21,,1002969980,11482600,2140419970,667708030,,,,,,,11888100,61748700
2022-04-22,KOSPI,2704.72,2708.58,2690.48,2704.71,,1239910020,12120600,2122780030,661969980,,,,,,,11921600,62860100
2022-04-25,KOSPI,2676.67,2680.35,2657.04,2657.13,,1018009980,11698100,2085609980,649678020,,,,,,,11880500,63861400
2022-04-26,KOSPI,2674,2678.05,2663.83,2668.31,,889942020,10807900,2093890050,651281980,,,,,,,11946400,65573700
2022-04-27,KOSPI,2630.58,2641.82,2615.5,2639.06,,1072369980,12558700,2070450050,641299970,,,,,,,11899400,64856000
2022-04-28,KOSPI,2656.54,2667.49,2638.37,2667.49,,899169020,12463400,2097779970,648220030,,,,,,,11890300,62922900
2022-04-29,KOSPI,2669.18,2696.1,2664.06,2695.05,,975252990,12664800,2119859970,658942980,,,,,,,11885900,61406200
2022-05-02,KOSPI,2669.21,2689.91,2667.85,2687.45,,873723010,9075650,2114439940,657305020,,,,,,,11862000,61799000
2022-05-03,KOSPI,2690.16,2702.1,2680.46,2680.46,,883403010,9199340,2109350020,656689020,,,,,,,11842400,62164800
2022-05-04,KOSPI,2690.45,2696.03,2667.23,2677.57,,1181020030,9903930,2107549950,658584000,,,,,,,11897800,63327400
2022-05-06,KOSPI,2650.89,2652.51,2635.97,2644.51,,1333939970,10595400,2081319940,648568000,,,,,,,11922700,60390800
2022-05-09,KOSPI,2634.32,2642.75,2606.08,2610.81,,892652990,9289660,2055160060,642361020,,,,,,,11936200,61806300
2022-05-10,KOSPI,2590.13,2602.75,2553.01,2596.56,,841462980,10842500,2043670020,638435970,,,,,,,11920900,61585600
2022-05-11,KOSPI,2586.52,2599.11,2579.09,2592.27,,679510020,8608260,2040259970,637777980,,,,,,,11826100,59903800
2022-05-12,KOSPI,2569.5,2591.57,2546.8,2550.08,,900331010,12167900,2007200000,627926980,,,,,,,11748200,60324800
2022-05-13,KOSPI,2570.01,2605.84,2565.96,2604.24,,788539010,10342100,2049289980,642083970,,,,,,,11789700,59966500
2022-05-16,KOSPI,2624.69,2629.2,2593.61,2596.58,,780198980,8528540,2043529980,639945020,,,,,,,11691300,59089000
2022-05-17,KOSPI,2603.58,2621.84,2603.58,2620.44,,873518980,9658880,2062680060,647294020,,,,,,,11573300,60507700
2022-05-18,KOSPI,2634.75,2644.13,2618,2625.98,,870268030,10047200,2067580030,650025980,,,,,,,11573200,59190500
2022-05-19,KOSPI,2576.24,2597.79,2568.54,2592.34,,677595010,9883990,2041379970,640438020,,,,,,,11589100,59763800
2022-05-20,KOSPI,2605.78,2641.68,2605.38,2639.29,,755652990,9634340,2077560060,650974980,,,,,,,11601300,59601600
2022-05-23,KOSPI,2651.63,2653.87,2634.29,2647.38,,644204990,7815200,2083209980,651868030,,,,,,,11612700,58664600
2022-05-24,KOSPI,2638.94,2646.99,2605.87,2605.87,,851235970,8703520,2050780030,640033980,,,,,,,11541000,59360200
2022-05-25,KOSPI,2621.75,2630.17,2602.94,2617.22,,712611010,8353420,2059890050,642345980,,,,,,,11547500,59213800
2022-05-26,KOSPI,2616.99,2641.91,2602.01,2612.45,,595849020,8613520,2056300030,639233980,,,,,,,11546000,58853500
2022-05-27,KOSPI,2640.75,2644.71,2631.49,2638.05,,590814020,8028160,2076120060,646656000,,,,,,,11508700,58483400
2022-05-30,KOSPI,2662.31,2672.74,2654.18,2669.66,,469798016,7473950,2101289980,655756990,,,,,,,11514600,58348000
2022-05-31,KOSPI,2666.88,2685.9,2654.32,2685.9,,671678980,13970900,2113779970,659628990,,,,,,,11428000,57567100
2022-06-02,KOSPI,2670.74,2674,2653.59,2658.99,,525259008,7860480,2092790020,652131970,,,,,,,11372800,61632100
2022-06-03,KOSPI,2679.57,2681.51,2663,2670.65,,562470020,7566760,2101699970,654376000,,,,,,,11368500,58652600
2022-06-07,KOSPI,2659.27,2662.04,2622.78,2626.34,,524710016,8948920,2067170050,642616000,,,,,,,11473700,57786600
2022-06-08,KOSPI,2633.53,2639.52,2621.96,2626.15,,576390020,7964340,2066739970,642768000,,,,,,,11407100,57517400
2022-06-09,KOSPI,2618.92,2627.88,2606.61,2625.44,,814883010,10858000,2066450050,642467010,,,,,,,11486600,56997100
2022-06-10,KOSPI,2596.37,2602.8,2583.74,2595.87,,724089980,8285960,2043209980,632406020,,,,,,,11447900,57304400
2022-06-13,KOSPI,2550.21,2550.32,2504.51,2504.51,,660308990,10335900,1972199940,611276990,,,,,,,11443900,59081000
2022-06-14,KOSPI,2472.96,2503.17,2457.39,2492.97,,671756990,9992820,1962989950,608340990,,,,,,,11473700,58736600
2022-06-15,KOSPI,2490.01,2495.54,2436.04,2447.38,,714142980,9936930,1926860030,597644990,,,,,,,11241900,57976300
2022-06-16,KOSPI,2481.66,2500.36,2447.33,2451.41,,584041020,9588190,1931069950,598625020,,,,,,,11025100,57020700
2022-06-17,KOSPI,2409.72,2441.34,2396.47,2440.93,,634897020,11201600,1921149950,592342020,,,,,,,10857200,57173600
2022-06-20,KOSPI,2449.89,2449.89,2372.35,2391.03,,592702020,9092290,1881479940,581208000,,,,,,,10702100,57205600
2022-06-21,KOSPI,2402.99,2423.48,2385.6,2408.93,,479678016,7440760,1894969980,583003010,,,,,,,10607900,56962100
2022-06-22,KOSPI,2417.11,2418.05,2342.81,2342.81,,532139008,8690130,1843890050,568499970,,,,,,,10454900,56394600
2022-06-23,KOSPI,2347.84,2361.23,2306.48,2314.32,,749660990,10212400,1821180030,563128000,,,,,,,10313400,56988900
2022-06-24,KOSPI,2327.11,2373.48,2319.99,2366.6,,654446020,8469160,1862320000,574694020,,,,,,,10140900,57546000
2022-06-27,KOSPI,2383.2,2418.94,2365.86,2401.92,,510587008,7656360,1890530050,582025980,,,,,,,9716630,57433700
2022-06-28,KOSPI,2405.2,2422.1,2393.96,2422.09,,564985980,7193430,1906210050,590998020,,,,,,,9573190,58317500
2022-06-29,KOSPI,2387.1,2393.25,2375.45,2377.99,,422127008,7965810,1871280000,578060030,,,,,,,9573060,57357600
2022-06-30,KOSPI,2368.57,2368.57,2332.59,2332.64,,515396000,8923480,1835490050,563944000,,,,,,,9628880,57364900
2022-07-01,KOSPI,2342.92,2354.97,2291.49,2305.42,,530345984,8687670,1814290050,558020990,,,,,,,9716930,58738300
2022-07-04,KOSPI,2310.73,2318.31,2276.63,2300.34,,467960000,7339360,1810669950,558939010,,,,,,,9705860,57669300
2022-07-05,KOSPI,2322.11,2344.08,2309.62,2341.78,,323904992,6890580,1842520060,567233980,,,,,,,9621090,54924400
2022-07-06,KOSPI,2330.11,2332.14,2290.33,2292.01,,410732000,8919470,1804230020,555568000,,,,,,,9522220,55476500
2022-07-07,KOSPI,2308.97,2344.14,2307.9,2334.27,,340172992,7652640,1837890050,566724990,,,,,,,9472650,55008400
2022-07-08,KOSPI,2352.49,2367.84,2348.74,2350.61,,411424992,7008120,1850889980,571363970,,,,,,,9580980,54413700
2022-07-11,KOSPI,2357.43,2363.26,2337.82,2340.27,,377108000,6301230,1843260030,568422980,,,,,,,9549610,55232300
2022-07-12,KOSPI,2330.88,2333.02,2303.74,2317.76,,379308000,6369260,1824989950,562321980,,,,,,,9567340,55201600
2022-07-13,KOSPI,2324.45,2341.19,2312.49,2328.61,,308806016,5998500,1832979970,563884990,,,,,,,9616090,55794400
2022-07-14,KOSPI,2316.41,2338.29,2307.69,2322.32,,349137984,6539860,1829590020,562832000,,,,,,,9613410,55776700
2022-07-15,KOSPI,2335.12,2337.3,2293.45,2330.98,,319675008,7383210,1837260030,569648000,,,,,,,9586450,54478700
2022-07-18,KOSPI,2350.48,2376.5,2344.12,2375.25,,324356992,7104660,1873110020,584814980,,,,,,,9608790,54854300
2022-07-19,KOSPI,2367.52,2372.74,2359.59,2370.97,,339377984,6556190,1869400060,582131010,,,,,,,9626560,53495900
2022-07-20,KOSPI,2406.29,2410.06,2382.65,2386.85,,333328992,7434800,1881639940,585788030,,,,,,,9593520,53492200
2022-07-21,KOSPI,2387.91,2411.96,2387.91,2409.16,,295624000,6309070,1899059970,593571970,,,,,,,9653610,56072400
2022-07-22,KOSPI,2405.37,2417.91,2391.48,2393.14,,381596992,6973850,1886499970,588459010,,,,,,,9684160,55240600
2022-07-25,KOSPI,2385.65,2412.47,2385.65,2403.69,,323091008,5959860,1894259970,589179010,,,,,,,9665620,54732900
2022-07-26,KOSPI,2397.27,2415.39,2395.17,2412.96,,415671008,6240740,1901209980,591601980,,,,,,,9720850,54836700
2022-07-27,KOSPI,2412.52,2415.53,2396.19,2415.53,,333588000,7049800,1903520000,592076990,,,,,,,9704300,54664400
2022-07-28,KOSPI,2437.57,2443.43,2429.07,2435.27,,491072992,9196430,1919420030,595862020,,,,,,,9747930,53878500
2022-07-29,KOSPI,2453.53,2463.05,2442.01,2451.5,,499368992,10256300,1931900030,598110980,,,,,,,9817130,54259000
2022-08-01,KOSPI,2444.05,2461.4,2437.13,2452.25,,487160000,7509600,1932450050,597177020,,,,,,,9852750,55766400
2022-08-02,KOSPI,2451,2451.07,2428.76,2439.62,,549923970,7266260,1922819970,595694020,,,,,,,9844420,55109900
2022-08-03,KOSPI,2438.56,2461.45,2433.12,2461.45,,475302016,6751540,1939570050,599249980,,,,,,,9880980,56039300
2022-08-04,KOSPI,2478.44,2478.95,2465.32,2473.11,,399964992,7506320,1948550020,601881020,,,,,,,9928960,55172700
2022-08-05,KOSPI,2481.43,2497.58,2480.05,2490.8,,409776000,7561090,1962989950,605884990,,,,,,,9907620,53762900
2022-08-08,KOSPI,2481.17,2494,2477.76,2493.1,,418233984,7613760,1964009980,604057980,,,,,,,9963150,54234400
2022-08-09,KOSPI,2493.57,2506.49,2481.36,2503.46,,454364000,8940800,1971840000,604884990,,,,,,,9938400,54315500
2022-08-10,KOSPI,2493.7,2494.15,2478.21,2480.88,,479467008,9029480,1953609980,596889020,,,,,,,9985970,55493900
2022-08-11,KOSPI,2507.74,2523.78,2506.41,2523.78,,505246016,9710840,1986819970,606310980,,,,,,,10037100,54787300
2022-08-12,KOSPI,2519.66,2533.2,2514.31,2527.94,,445547008,8028580,1990520060,608264000,,,,,,,10091000,55313800
2022-08-16,KOSPI,2543.05,2546.35,2532.2,2533.52,,398335008,8064110,1995549950,611110980,,,,,,,10079800,56949800
2022-08-17,KOSPI,2536.57,2543.15,2512.01,2516.47,,418052992,7153680,1982240000,607920000,,,,,,,10108200,56003600
2022-08-18,KOSPI,2499.3,2515.37,2488.09,2508.05,,381628000,7105980,1976099970,607233980,,,,,,,10119500,55225200
2022-08-19,KOSPI,2510.72,2510.72,2492.69,2492.69,,459835008,7138650,1963840000,604385020,,,,,,,10128800,55227400
2022-08-22,KOSPI,2467.38,2475.77,2457.08,2462.5,,422552000,6108020,1940550020,596910980,,,,,,,10185300,54832300
2022-08-23,KOSPI,2449.31,2454.55,2431.83,2435.34,,471166016,7560710,1919619970,589587010,,,,,,,10168800,54835100
2022-08-24,KOSPI,2446.18,2454.01,2430.69,2447.45,,423502016,8119780,1928429950,591073020,,,,,,,10119900,54681400
2022-08-25,KOSPI,2459.79,2477.26,2455.32,2477.26,,426230016,7286330,1951740030,597619010,,,,,,,10088100,54299400
2022-08-26,KOSPI,2489.14,2497.76,2476.75,2481.03,,520091008,8628660,1955299970,598822980,,,,,,,10103300,54265000
2022-08-29,KOSPI,2432.06,2432.89,2417.01,2426.89,,448745984,7891470,1913229950,585273020,,,,,,,10146100,55170600
2022-08-30,KOSPI,2441.21,2453.91,2433.48,2450.93,,336555008,6826620,1932050050,590816000,,,,,,,10156300,54164200
2022-08-31,KOSPI,2433.47,2473.75,2426.14,2472.05,,436247008,9562590,1948130050,597833980,,,,,,,10175400,53063300
2022-09-01,KOSPI,2443,2443.61,2415.61,2415.61,,580020990,8452320,1904329980,583918020,,,,,,,10229900,55502200
2022-09-02,KOSPI,2427.7,2432.37,2402.67,2409.41,,391599008,7214620,1899049980,579891970,,,,,,,10236600,54712600
2022-09-05,KOSPI,2410.07,2424.77,2392.63,2403.68,,354737984,6277830,1893410050,578950020,,,,,,,10319200,52291200
2022-09-06,KOSPI,2409.72,2422.53,2399.26,2410.02,,294224000,5476240,1898169980,579555970,,,,,,,10314100,52042600
2022-09-07,KOSPI,2395.66,2398.4,2365.35,2376.46,,378200000,7530890,1872370050,570531970,,,,,,,10226900,51880300
2022-09-08,KOSPI,2393.27,2394.06,2379.06,2384.28,,423620992,9208740,1879129980,571728000,,,,,,,10230200,51704300
2022-09-13,KOSPI,2418.59,2453.95,2418.59,2449.54,,367102016,9165150,1930520060,590294020,,,,,,,10259100,51343400
2022-09-14,KOSPI,2390.47,2418.42,2381.5,2411.42,,461508000,7625500,1900210050,579433020,,,,,,,10223900,52229300
2022-09-15,KOSPI,2416.01,2421.63,2401.83,2401.83,,424111008,7432760,1892390020,574697020,,,,,,,10109800,52565800
2022-09-16,KOSPI,2387.56,2395.1,2371.11,2382.78,,440799008,8690460,1877510020,571468990,,,,,,,10163600,52096600
2022-09-19,KOSPI,2388.73,2389.85,2352.76,2355.66,,403936992,6885920,1856700030,568774020,,,,,,,10220500,51554500
2022-09-20,KOSPI,2373.64,2382.52,2359.84,2367.85,,419340000,7013240,1865529980,569305020,,,,,,,10200000,50830100
2022-09-21,KOSPI,2351.54,2360.27,2341.79,2347.21,,378164992,6269070,1849100030,563673020,,,,,,,10099600,50779300
2022-09-22,KOSPI,2319.7,2335.11,2309.1,2332.31,,446820000,7413270,1837159940,558049980,,,,,,,10032800,51526000
2022-09-23,KOSPI,2331.33,2334.06,2285.71,2290,,446460992,7416800,1804499970,552321020,,,,,,,10027900,51702000
2022-09-26,KOSPI,2260.8,2260.8,2215.36,2220.94,,621995010,9461820,1750080000,537800000,,,,,,,9988300,52043700
2022-09-27,KOSPI,2224.39,2227.35,2197.9,2223.86,,487940000,8005560,1752259970,537702980,,,,,,,9898060,51471200
2022-09-28,KOSPI,2206.15,2223.56,2151.6,2169.29,,596136000,9208350,1709340030,525044992,,,,,,,9562390,52567800
2022-09-29,KOSPI,2197.75,2210.61,2170.14,2170.93,,508500992,7240710,1710780030,524447008,,,,,,,9364630,51853900
2022-09-30,KOSPI,2161.11,2177.2,2134.77,2155.49,,950270020,7923750,1698450050,522360000,,,,,,,9217310,50852300
2022-10-04,KOSPI,2189.51,2212.38,2180.84,2209.38,,421003008,7500280,1741830020,537200000,,,,,,,9058780,51219500
2022-10-05,KOSPI,2248.85,2253.93,2204.03,2215.22,,855790020,9509080,1747609980,541216000,,,,,,,8931640,51191000
2022-10-06,KOSPI,2230.43,2250.87,2223.36,2237.86,,643016000,6850060,1765200000,544684990,,,,,,,8915470,51794200
2022-10-07,KOSPI,2217.84,2245.88,2215.08,2232.84,,428683008,7831440,1761990020,544400000,,,,,,,8973900,49304100
2022-10-11,KOSPI,2193.02,2193.05,2174.06,2192.07,,859508990,7867860,1729420030,535246016,,,,,,,8927150,51253100
2022-10-12,KOSPI,2191.35,2205.02,2181.65,2202.47,,658348030,7409130,1737570050,539648000,,,,,,,8907220,49647100
2022-10-13,KOSPI,2198.29,2198.34,2162.87,2162.87,,792451970,7169780,1707059970,532919008,,,,,,,8813810,50334700
2022-10-14,KOSPI,2200.66,2220.54,2193.63,2212.55,,513524000,7161820,1745970050,544931970,,,,,,,8728820,50388200
2022-10-17,KOSPI,2187.17,2221.05,2177.66,2219.71,,498780992,6526810,1752290050,545916990,,,,,,,8621070,49042300
2022-10-18,KOSPI,2249.15,2251.74,2220.71,2249.95,,580892030,7249920,1775709950,552577020,,,,,,,8576070,49069500
2022-10-19,KOSPI,2249.35,2266.8,2234.59,2237.44,,895161020,7738880,1765920000,548446020,,,,,,,8606580,48740900
2022-10-20,KOSPI,2225.53,2231.52,2200.44,2218.09,,1108099970,8325030,1751309950,543598020,,,,,,,8628380,49158800
2022-10-21,KOSPI,2210.59,2224.04,2204.64,2213.12,,637486020,6228170,1747590020,543990980,,,,,,,8654490,48663800
2022-10-24,KOSPI,2248.26,2256.67,2229.85,2236.16,,444820000,6846980,1765520000,549409020,,,,,,,8706310,48291300
2022-10-25,KOSPI,2237.04,2253.24,2230.75,2235.07,,456769984,7030020,1765049980,550025020,,,,,,,8688020,47696700
2022-10-26,KOSPI,2240.7,2258.11,2234.49,2249.56,,563441980,7492740,1776489980,556086980,,,,,,,8661570,48465100
2022-10-27,KOSPI,2266.07,2290.56,2262.02,2288.78,,587872000,8435340,1806509950,564491010,,,,,,,8657580,50941800
2022-10-28,KOSPI,2276.73,2292.65,2266.44,2268.4,,427244992,8289370,1789449980,556083010,,,,,,,8640750,47672700
2022-10-31,KOSPI,2293.75,2295.51,2273.73,2293.61,,401400000,8679300,1810259970,565833980,,,,,,,8570350,48619100
2022-11-01,KOSPI,2301.58,2335.57,2297.57,2335.22,,597206020,9476620,1842770050,574230020,,,,,,,8585940,49846900
2022-11-02,KOSPI,2326.05,2346.32,2323.37,2336.87,,450635008,9568100,1844240000,574492030,,,,,,,8594970,50003600
2022-11-03,KOSPI,2297.45,2342.86,2296.44,2329.17,,550428030,9273250,1838690050,570385020,,,,,,,8618110,48817600
2022-11-04,KOSPI,2325.85,2348.43,2316.29,2348.43,,436430016,7927340,1853799940,574800000,,,,,,,8622470,48322500
2022-11-07,KOSPI,2360.22,2373.28,2354.22,2371.79,,392508992,8059880,1872579970,582396990,,,,,,,8727630,47456000
2022-11-08,KOSPI,2387.2,2400.39,2375.67,2399.04,,500088000,8601450,1894800000,590414980,,,,,,,8720640,46938600
2022-11-09,KOSPI,2408.54,2429.65,2403.64,2424.41,,680721980,9342670,1915469950,596990020,,,,,,,8728100,47535400
2022-11-10,KOSPI,2405.77,2426.1,2401.99,2402.23,,899126980,9344420,1897650050,588291970,,,,,,,8671600,49358900
2022-11-11,KOSPI,2466.9,2486.46,2463.51,2483.16,,758248000,13917600,1960950020,610179970,,,,,,,8637650,49008800
2022-11-14,KOSPI,2485.18,2499.43,2470.6,2474.65,,731166020,11216400,1954400000,606982020,,,,,,,8696300,49926200
2022-11-15,KOSPI,2482.76,2485.2,2463.65,2480.33,,617401020,9308850,1959320060,607542020,,,,,,,8646210,51032200
2022-11-16,KOSPI,2487,2487,2446.79,2477.45,,657833980,9880430,1959010050,607934020,,,,,,,8713270,50113900
2022-11-17,KOSPI,2466.5,2467.39,2442.9,2442.9,,914518980,8556990,1931709950,597081980,,,,,,,8838740,49751700
2022-11-18,KOSPI,2448.13,2471.87,2442.87,2444.48,,589585980,7444440,1932870020,598764990,,,,,,,8935200,49696400
2022-11-21,KOSPI,2446.05,2448.14,2409.36,2419.5,,544529020,7049430,1912989950,593907010,,,,,,,9010570,48425700
2022-11-22,KOSPI,2405.96,2426.4,2401.5,2405.27,,539169020,7253680,1901129980,588385980,,,,,,,8995050,47862200
2022-11-23,KOSPI,2424.36,2427.28,2407.58,2418.01,,474788992,7477110,1911399940,592561020,,,,,,,8989090,48415400
2022-11-24,KOSPI,2437.51,2441.33,2428.12,2441.33,,481184992,6849560,1929929980,598401020,,,,,,,9009070,47731000
2022-11-25,KOSPI,2442.21,2449.66,2433.57,2437.86,,438393984,6347580,1926850050,598676990,,,,,,,9030140,47826800
2022-11-28,KOSPI,2425.05,2425.65,2401.95,2408.27,,350496992,6462500,1903719940,588659010,,,,,,,9047160,49261200
2022-11-29,KOSPI,2405.54,2433.87,2401.1,2433.39,,550174980,6533350,1923010050,594593020,,,,,,,9057000,48237800
2022-11-30,KOSPI,2424.44,2472.53,2421.42,2472.53,,594126980,12469400,1953840000,606691010,,,,,,,9093790,46674600
2022-12-01,KOSPI,2501.43,2501.43,2474.33,2479.84,,491383008,8850100,1959619970,608390980,,,,,,,9057200,49654700
2022-12-02,KOSPI,2471.5,2471.5,2434.33,2434.33,,468847008,7328390,1924199940,594990980,,,,,,,9039170,48180000
2022-12-05,KOSPI,2442.17,2442.22,2413.05,2419.32,,385585984,7717410,1911920000,591964990,,,,,,,9062710,47353500
2022-12-06,KOSPI,2397.7,2416.88,2390.2,2393.16,,368636000,6477020,1891340030,584760000,,,,,,,9173790,46728300
2022-12-07,KOSPI,2385.87,2394.88,2377.98,2382.81,,332587008,6080660,1882800000,580609020,,,,,,,9231440,46009500
2022-12-08,KOSPI,2386.9,2387.95,2357.2,2371.08,,351939008,7553000,1873440000,579708030,,,,,,,9244130,46678600
2022-12-09,KOSPI,2382.73,2390.08,2367.25,2389.04,,315673984,7220200,1888380030,586587010,,,,,,,9238150,45745200
2022-12-12,KOSPI,2373.58,2381.87,2368.47,2373.02,,499224992,5822260,1875699970,583124990,,,,,,,9245180,46330500
2022-12-13,KOSPI,2385.05,2388.27,2364.87,2372.4,,447564992,6659360,1874840060,582500990,,,,,,,9140400,45963700
2022-12-14,KOSPI,2380.81,2400.18,2379.44,2399.25,,409799008,5724110,1895660030,589225980,,,,,,,9151120,46329600
2022-12-15,KOSPI,2383.83,2392.11,2360.95,2360.97,,375385984,6134220,1865840000,579371010,,,,,,,9161360,45213800
2022-12-16,KOSPI,2329.75,2360.44,2326.83,2360.02,,414172000,7206180,1865110020,579038020,,,,,,,9131520,46118800
2022-12-19,KOSPI,2350.78,2358.76,2342.28,2352.17,,323987008,5018050,1859030020,577363970,,,,,,,9193900,45131700
2022-12-20,KOSPI,2344.73,2353.86,2324.66,2333.29,,358771008,5335840,1844300030,572451970,,,,,,,9164220,45363400
2022-12-21,KOSPI,2346.39,2347,2325.78,2328.95,,329724000,5102490,1840550020,569780990,,,,,,,9169470,45318900
2022-12-22,KOSPI,2340,2356.73,2335.75,2356.73,,553052990,9460860,1863410050,577217020,,,,,,,9122320,44309200
2022-12-23,KOSPI,2325.86,2333.08,2311.9,2313.69,,366988992,5935800,1829400060,566974020,,,,,,,9106800,43902500
2022-12-26,KOSPI,2312.54,2321.92,2304.2,2317.14,,427844992,5205750,1831730050,566817980,,,,,,,9026290,47542600
2022-12-27,KOSPI,2327.52,2335.99,2321.48,2332.79,,448499008,7126990,1844140030,570054020,,,,,,,8962160,45718200
2022-12-28,KOSPI,2296.45,2296.45,2276.9,2280.45,,405894016,7566890,1801880060,554974980,,,,,,,8876500,46984400
2022-12-29,KOSPI,2265.73,2272.67,2236.38,2236.4,,361193984,6036540,1767239940,543694020,,,,,,,8763320,47046500
2022-12-30,KOSPI,,,,,,,,,,,,,,,,8757710,46448400
2023-01-02,KOSPI,2249.95,2259.88,2222.37,2225.67,,346344992,5200140,1759239940,542408000,,,,,,,8774250,50833900
2023-01-03,KOSPI,2230.98,2230.98,2180.67,2218.68,,410244992,6149080,1753769980,543572990,,,,,,,8703530,48481100
2023-01-04,KOSPI,2205.98,2260.06,2198.82,2255.98,,412840992,6487600,1783810050,557241980,,,,,,,8584730,46368200
2023-01-05,KOSPI,2268.2,2281.39,2252.97,2264.65,,430976992,7521180,1791820030,562435010,,,,,,,8495600,44976600
2023-01-06,KOSPI,2253.4,2300.62,2253.27,2289.97,,398607008,6764110,1811420030,570185020,,,,,,,8445970,44147800
2023-01-09,KOSPI,2315.87,2351.06,2312.56,2350.19,,342096000,7028980,1858630020,585548030,,,,,,,8447160,43886400
2023-01-10,KOSPI,2348.04,2370.18,2344.18,2351.31,,359913984,6702910,1859600000,585790020,,,,,,,8407500,43692800
2023-01-11,KOSPI,2364.05,2369.66,2350.36,2359.53,,369011008,6297140,1865740030,586760000,,,,,,,8273090,44352600
2023-01-12,KOSPI,2376.72,2377.8,2358.33,2365.1,,580433020,7837780,1870240000,587886980,,,,,,,8279230,45245700
2023-01-13,KOSPI,2377.34,2397.01,2375.78,2386.09,,862230020,6976740,1886569980,594108030,,,,,,,8277410,45600900
2023-01-16,KOSPI,2390.06,2410.22,2387.61,2399.86,,517761984,6532810,1897379970,599128000,,,,,,,8317570,45611700
2023-01-17,KOSPI,2400.92,2404,2374.65,2379.39,,536811008,6314020,1881430020,595313980,,,,,,,8283040,45245600
2023-01-18,KOSPI,2380.36,2383,2356.84,2368.32,,537393020,5498580,1872690050,591456000,,,,,,,8279020,45653300
2023-01-19,KOSPI,2354.56,2380.34,2354.56,2380.34,,370099008,5448180,1882550020,596678980,,,,,,,8304530,44566700
2023-01-20,KOSPI,2380,2395.97,2372.57,2395.26,,302507008,5025540,1895789950,600484990,,,,,,,8331670,44159900
2023-01-25,KOSPI,2426.58,2432.71,2421.51,2428.57,,550086980,6665410,1922279940,612140030,,,,,,,8319970,45026400
2023-01-26,KOSPI,2436.18,2468.65,2426.4,2468.65,,486832000,8206400,1953920000,621750020,,,,,,,8279850,45767500
2023-01-27,KOSPI,2474.52,2497.4,2464.53,2484.02,,509288000,9092450,1966560000,627230980,,,,,,,8259840,47229200
2023-01-30,KOSPI,2484.64,2491.13,2446.59,2450.47,,475409984,9220410,1940150020,617153980,,,,,,,8231160,47123600
2023-01-31,KOSPI,2449.92,2457.48,2423.37,2425.08,,617196030,10394800,1918930050,603910020,,,,,,,8176540,49274900
2023-02-01,KOSPI,2446.03,2453.29,2433.37,2449.8,,666296000,8596020,1938780030,612033020,,,,,,,8286860,51521800
2023-02-02,KOSPI,2481.94,2486.2,2454.6,2468.88,,693116030,9121680,1954000000,618076990,,,,,,,8351780,46459600
2023-02-03,KOSPI,2466.54,2485.08,2460.21,2480.4,,496860992,8027060,1963170050,622067970,,,,,,,8369010,47746800
2023-02-06,KOSPI,2461.82,2469.42,2438.04,2438.19,,566819010,7671310,1929319940,607414980,,,,,,,8390880,47380200
2023-02-07,KOSPI,2440.14,2456.17,2432.4,2451.71,,451159008,7594010,1939609980,610819010,,,,,,,8359180,48161000
2023-02-08,KOSPI,2469.42,2487.35,2465.96,2483.64,,415676992,8001680,1965479940,621814980,,,,,,,8472580,46727300
2023-02-09,KOSPI,2470.66,2487.14,2466.61,2481.52,,610694020,8986380,1963859970,620236990,,,,,,,8537950,47862300
2023-02-10,KOSPI,2470.65,2473.8,2454.74,2469.73,,662366020,8402620,1954700030,618875010,,,,,,,8544230,47084200
2023-02-13,KOSPI,2461.96,2462.58,2440.86,2452.7,,486399008,7371040,1942809980,616475010,,,,,,,8615560,47625400
2023-02-14,KOSPI,2471.33,2480.34,2459.83,2465.64,,349432000,6738870,1953250050,619353020,,,,,,,8692630,48019500
2023-02-15,KOSPI,2473.09,2473.44,2424.16,2427.9,,387067008,8758720,1923760000,609137020,,,,,,,8732040,47437000
2023-02-16,KOSPI,2444.06,2475.99,2442.07,2475.48,,388027008,9170360,1961020030,620524030,,,,,,,8689460,47733200
2023-02-17,KOSPI,2447.66,2471.51,2445.74,2451.21,,514047008,8364500,1941740030,614116990,,,,,,,8798840,45886600
2023-02-20,KOSPI,2453.25,2463.17,2430.27,2455.12,,390012992,7535470,1944739970,615145020,,,,,,,8742770,46860100
2023-02-21,KOSPI,2457.51,2466.07,2446,2458.96,,494660992,7333620,1943890050,614121980,,,,,,,8800510,46199800
2023-02-22,KOSPI,2430.87,2435.98,2416.16,2417.68,,427481984,8386250,1911699970,603505980,,,,,,,8840470,47643400
2023-02-23,KOSPI,2430.01,2449.62,2422.62,2439.09,,400992000,7451980,1928499970,610227010,,,,,,,8868320,46877900
2023-02-24,KOSPI,2442.49,2452.97,2421.47,2423.61,,369900000,6991100,1915629950,604998020,,,,,,,8972040,46665000
2023-02-27,KOSPI,2405.42,2405.56,2383.76,2402.64,,357217984,6598230,1898710020,599121980,,,,,,,8947940,47382600
2023-02-28,KOSPI,2417.58,2431.67,2407.29,2412.85,,529790016,9274200,1906499970,600499970,,,,,,,8959080,47739800
2023-03-02,KOSPI,2414.61,2440.59,2411.85,2427.85,,428342016,9660270,1918509950,603955010,,,,,,,9002550,48526200
2023-03-03,KOSPI,2438.73,2442.1,2423.08,2432.07,,371881984,7845380,1921469950,603116030,,,,,,,8965710,45646500
2023-03-06,KOSPI,2452.46,2464.45,2441.07,2462.62,,418814016,9781230,1945880060,612940990,,,,,,,8964260,48327800
2023-03-07,KOSPI,2457.04,2475.73,2455.65,2463.35,,450480992,10732500,1945939970,610755970,,,,,,,8981890,49588500
2023-03-08,KOSPI,2435.58,2442.61,2426.52,2431.91,,438359008,9967060,1922029950,602817020,,,,,,,8978230,48911900
2023-03-09,KOSPI,2440.79,2444.2,2416.25,2419.09,,476375008,10357600,1911580030,598510020,,,,,,,9060890,49880800
2023-03-10,KOSPI,2389.82,2400.87,2383.19,2394.59,,413411008,7875520,1892450050,592291010,,,,,,,9207580,48325400
2023-03-13,KOSPI,2400.45,2413.24,2369.79,2410.6,,380740000,7702300,1904640000,596944000,,,,,,,9193780,47508500
2023-03-14,KOSPI,2390.36,2390.78,2348.19,2348.97,,485076000,7794600,1856249980,582364030,,,,,,,9164640,48076700
2023-03-15,KOSPI,2380.09,2395.36,2370.77,2379.72,,443751008,7591760,1880140030,588950980,,,,,,,9092060,48735200
2023-03-16,KOSPI,2357.98,2382.79,2346.11,2377.91,,320193984,7865790,1878509950,587121980,,,,,,,9015530,46392400
2023-03-17,KOSPI,2403.7,2405.35,2382.8,2395.69,,364176000,8617060,1893379970,594862020,,,,,,,8952400,46325500
2023-03-20,KOSPI,2391.87,2405.99,2378.7,2379.2,,346033984,6072910,1879709950,588547970,,,,,,,9006270,46252700
2023-03-21,KOSPI,2396.54,2399.52,2383.17,2388.35,,355195008,7269040,1886499970,589732990,,,,,,,8986430,47224500
2023-03-22,KOSPI,2411.25,2417.47,2402.78,2416.96,,501412000,7890320,1908729980,597526980,,,,,,,9000310,46332600
2023-03-23,KOSPI,2398.27,2424.48,2397.91,2424.48,,567704000,10367400,1914530050,601683970,,,,,,,9050680,47430800
2023-03-24,KOSPI,2421.27,2423.76,2399.49,2414.96,,470659008,9248180,1907309950,598979010,,,,,,,9039890,48640000
2023-03-27,KOSPI,2423.94,2423.94,2395.97,2409.22,,472847008,8534650,1902809980,595577980,,,,,,,9031790,50544600
2023-03-28,KOSPI,2418.69,2434.94,2415.34,2434.94,,524016000,8812620,1923149950,602793980,,,,,,,9065460,49230200
2023-03-29,KOSPI,2432.63,2443.95,2428.61,2443.92,,497217984,8829890,1930380030,603638020,,,,,,,9096750,48314800
2023-03-30,KOSPI,2452.97,2462.7,2439.43,2453.16,,629052030,10846600,1937580030,605409020,,,,,,,9073020,48687100
2023-03-31,KOSPI,2459.94,2481.24,2456.54,2476.86,,722611970,12903400,1957929980,614107010,,,,,,,9074210,50601800
2023-04-03,KOSPI,2485.81,2485.81,2467.59,2472.34,,811724030,11300300,1954439940,611265020,,,,,,,9096850,53050500
2023-04-04,KOSPI,2475.87,2489.71,2472.79,2480.51,,832555010,13496900,1960640000,612371010,,,,,,,9056420,50530700
2023-04-05,KOSPI,2482.61,2497.61,2478.67,2495.21,,632720000,9811880,1972179970,616172990,,,,,,,9184190,49118100
2023-04-06,KOSPI,2488,2488,2458.5,2459.23,,751377980,11332700,1943849980,604108990,,,,,,,9220320,50333100
2023-04-07,KOSPI,2478.64,2493.06,2473.89,2490.41,,586993020,11250200,1969010050,616963970,,,,,,,9289430,51022500
2023-04-10,KOSPI,2491.68,2519.99,2490.17,2512.08,,717648000,13539900,1986880000,624262020,,,,,,,9418110,49681900
2023-04-11,KOSPI,2523.33,2550.97,2514.42,2547.86,,768176000,14050600,2014290050,632206980,,,,,,,9423460,53157900
2023-04-12,KOSPI,2546.36,2561.37,2536.23,2550.64,,900750020,14426300,2016499970,634491010,,,,,,,9444700,52400900
2023-04-13,KOSPI,2534.71,2561.66,2531.07,2561.66,,841718980,11996400,2024509950,635190980,,,,,,,9451070,53610100
2023-04-14,KOSPI,2580.1,2581.74,2560.53,2571.49,,892446020,13088200,2032339970,635899010,,,,,,,9515460,52398700
2023-04-17,KOSPI,2570.3,2577.08,2561.14,2575.91,,775752000,12793700,2036230020,635372990,,,,,,,9521200,52883700
2023-04-18,KOSPI,2582.23,2582.23,2557.19,2571.09,,896931970,14106400,2032969980,636817980,,,,,,,9572940,53630400
2023-04-19,KOSPI,2570.06,2582.11,2568.46,2575.08,,956993980,12750900,2036480000,636044990,,,,,,,9743370,52093300
2023-04-20,KOSPI,2566.06,2573.94,2552.06,2563.11,,951422980,12415500,2026470020,634036990,,,,,,,9824550,52647900
2023-04-21,KOSPI,2556.7,2559.44,2532.32,2544.4,,970398020,12614700,2012370050,632544000,,,,,,,9863220,53200800
2023-04-24,KOSPI,2538.36,2541.89,2518.73,2523.5,,927190980,11589500,1996620030,627609020,,,,,,,9868830,53347500
2023-04-25,KOSPI,2531.35,2531.35,2472.33,2489.02,,886422020,13681200,1967149950,618963970,,,,,,,9766370,53771700
2023-04-26,KOSPI,2489.49,2498.56,2481.38,2484.83,,1089219970,12397500,1964550020,618963010,,,,,,,9698330,53487900
2023-04-27,KOSPI,2484.31,2499.01,2465.83,2495.81,,733500030,11142100,1974099970,622630980,,,,,,,9572930,53492800
2023-04-28,KOSPI,2511.79,2517.13,2489.58,2501.53,,777534980,14024800,1979840000,626726980,,,,,,,9458490,53142000
2023-05-02,KOSPI,2504.01,2524.42,2503.21,2524.39,,701398980,9942390,1997500030,631316990,,,,,,,9212010,54242200
2023-05-03,KOSPI,2510.19,2514.37,2497.83,2501.4,,889609020,9865860,1979410050,626353020,,,,,,,9059730,51150200
2023-05-04,KOSPI,2494.82,2502.14,2486.09,2500.94,,810177980,10020000,1978569980,624984000,,,,,,,9005840,51997800
2023-05-08,KOSPI,2518.53,2525.84,2511.13,2513.21,,655536000,9213040,1989040000,630960000,,,,,,,9044910,50166000
2023-05-09,KOSPI,2512.34,2514.81,2495.63,2510.06,,751646980,9351370,1986579970,629030980,,,,,,,9068690,49563000
2023-05-10,KOSPI,2505.96,2510.13,2488.42,2496.51,,635635010,8906700,1976259970,624945980,,,,,,,8978400,50207700
2023-05-11,KOSPI,2505.57,2513.82,2490.08,2491,,648134020,9002410,1971730050,623310020,,,,,,,8949370,50152700
2023-05-12,KOSPI,2487.35,2487.35,2472.45,2475.42,,798230020,8589240,1959469950,619724990,,,,,,,8957920,50064300
2023-05-15,KOSPI,2469.8,2479.35,2455.99,2479.35,,484564992,6920280,1962070020,622787970,,,,,,,8931010,52149800
2023-05-16,KOSPI,2494.4,2498.54,2474.9,2480.24,,628744000,8086960,1963629950,624304000,,,,,,,8925940,49942300
2023-05-17,KOSPI,2479.65,2498.37,2475.02,2494.66,,564412030,7218310,1975030020,626592000,,,,,,,8865170,48937800
2023-05-18,KOSPI,2511.09,2515.4,2500.01,2515.4,,572764990,7782860,1992169980,634217980,,,,,,,8898400,49735900
2023-05-19,KOSPI,2530.83,2538.31,2524.89,2537.79,,570097020,9199950,2010739970,645110980,,,,,,,8893580,49756300
2023-05-22,KOSPI,2540.03,2564.09,2533.5,2557.08,,593619970,8214580,2025539970,647688000,,,,,,,8887720,49775300
2023-05-23,KOSPI,2565.8,2577.32,2561.1,2567.55,,576044990,7443350,2033440000,648739010,,,,,,,8843880,50588400
2023-05-24,KOSPI,2557.11,2572.21,2555.04,2567.45,,1072440000,7900600,2032739970,647814020,,,,,,,8828770,51424600
2023-05-25,KOSPI,2570.64,2575.05,2551.49,2554.69,,917553020,9416540,2022840060,646956030,,,,,,,8835680,51026600
2023-05-26,KOSPI,2561.94,2567.5,2553.79,2558.81,,634758980,9401900,2027389950,653393980,,,,,,,8889740,51030300
2023-05-30,KOSPI,2582.41,2586.22,2574.82,2585.52,,641646980,11066300,2048099970,662752000,,,,,,,8948980,51658800
2023-05-31,KOSPI,2586.03,2596.31,2575.98,2577.12,,686187010,15135100,2039960060,656876030,,,,,,,8926550,51955300
2023-06-01,KOSPI,2572.56,2580.15,2565,2569.17,,675233020,9168500,2034189950,654721980,,,,,,,8909940,52734800
2023-06-02,KOSPI,2586.27,2601.38,2583.88,2601.36,,569619970,9383540,2059939970,664480000,,,,,,,8940870,50380200
2023-06-05,KOSPI,2617.43,2618.62,2608.01,2615.41,,545880000,8566310,2070759940,665921020,,,,,,,8995560,50027300
2023-06-07,KOSPI,2623.46,2629.92,2613.68,2615.6,,537617020,10152900,2070759940,663969020,,,,,,,8967660,50784700
2023-06-08,KOSPI,2609.21,2612.39,2595.33,2610.85,,581324990,11473700,2067270020,662857020,,,,,,,8985360,50923800
2023-06-09,KOSPI,2624.15,2644.7,2618.45,2641.16,,583219010,11128100,2091570050,672403970,,,,,,,8993370,51758200
2023-06-12,KOSPI,2647.49,2650.45,2623.43,2629.35,,557056000,9365140,2082259970,667065020,,,,,,,9052530,51642000
2023-06-13,KOSPI,2644.43,2645.62,2633.52,2637.95,,694321020,11153300,2092099970,671443010,,,,,,,9048310,52505600
2023-06-14,KOSPI,2640.81,2642.86,2614.25,2619.08,,654403970,13100500,2077110020,668124030,,,,,,,9142440,52819500
2023-06-15,KOSPI,2629.24,2634.22,2602.52,2608.54,,582436990,11513800,2068930050,665676030,,,,,,,9183300,54221100
2023-06-16,KOSPI,2623.57,2625.79,2612.21,2625.79,,673673020,12620600,2083069950,669363010,,,,,,,9187880,51905300
2023-06-19,KOSPI,2618.06,2619.44,2600.49,2609.5,,719548990,11096600,2069459970,664145020,,,,,,,9197010,51979300
2023-06-20,KOSPI,2602.83,2610.03,2596.82,2604.91,,722540990,10880400,2066710020,662524990,,,,,,,9265020,51825100
2023-06-21,KOSPI,2599.19,2600.97,2579.52,2582.63,,659798020,10654300,2049490050,656060990,,,,,,,9375280,51007100
2023-06-22,KOSPI,2575.65,2597.76,2575.65,2593.7,,613220990,8937920,2058310020,659396990,,,,,,,9465880,50523600
2023-06-23,KOSPI,2599.04,2600.81,2568.07,2570.1,,528307008,8548520,2039949950,655030020,,,,,,,9504300,50652900
2023-06-26,KOSPI,2568.65,2585.31,2562.03,2582.2,,481750016,8437660,2050230020,659752000,,,,,,,9500830,51123600
2023-06-27,KOSPI,2581.02,2582,2568.52,2581.39,,538508990,8592190,2049389950,659721020,,,,,,,9536270,51519200
2023-06-28,KOSPI,2590.52,2590.52,2559.46,2564.19,,488768000,8814330,2036009980,656417980,,,,,,,9529390,50915100
2023-06-29,KOSPI,2564.02,2577.69,2550.02,2550.02,,604508990,8824940,2024880000,652859010,,,,,,,9526750,50755800
2023-06-30,KOSPI,2558.43,2571.03,2541.72,2564.28,,510934016,8209120,2035090050,654241020,,,,,,,9507950,51844200
2023-07-03,KOSPI,2580.89,2604.63,2580.49,2602.47,,618006020,8973590,2065040000,664390020,,,,,,,9483960,55022600
2023-07-04,KOSPI,2604.72,2607.66,2591.86,2593.31,,674411010,9160800,2057900030,661689980,,,,,,,9464820,51316900
2023-07-05,KOSPI,2593.47,2601.99,2578.66,2579,,601089020,10257700,2046819970,656612990,,,,,,,9426130,51507200
2023-07-06,KOSPI,2574.75,2575.45,2550.67,2556.29,,531900000,10291000,2028720000,650924990,,,,,,,9467250,51246300
2023-07-07,KOSPI,2547.41,2547.41,2515.07,2526.71,,613265020,10367400,2005110020,641132990,,,,,,,9524180,50477500
2023-07-10,KOSPI,2528.08,2539.63,2517.67,2520.7,,561820990,9698700,2000080000,639281980,,,,,,,9545990,51665500
2023-07-11,KOSPI,2538.84,2562.49,2534.48,2562.49,,594134980,10596500,2033590020,651888000,,,,,,,9589050,50306300
2023-07-12,KOSPI,2557.61,2574.73,2554.26,2574.72,,696924030,13229900,2043129980,656635010,,,,,,,9600540,50470100
2023-07-13,KOSPI,2589.89,2602.21,2587.75,2591.23,,585660990,13258000,2056140030,659630020,,,,,,,9552960,53484800
2023-07-14,KOSPI,2607.47,2628.3,2603.36,2628.3,,569814980,14285300,2085159940,671860990,,,,,,,9580640,51112400
2023-07-17,KOSPI,2617.67,2627.12,2611.55,2619,,550569980,11732200,2077680000,669065980,,,,,,,9559970,50892000
2023-07-18,KOSPI,2624.59,2626.89,2600.67,2607.62,,493201984,12003800,2068790020,663843970,,,,,,,9579020,51413300
2023-07-19,KOSPI,2622.24,2622.54,2598.52,2608.24,,440073984,11231700,2069340030,662748990,,,,,,,9698850,50955100
2023-07-20,KOSPI,2595.38,2611.34,2589.29,2600.23,,372364992,9473220,2063000060,659728000,,,,,,,9794290,53287800
2023-07-21,KOSPI,2581.06,2609.76,2570.58,2609.76,,501872000,12258800,2069760000,659262980,,,,,,,9853080,54002400
2023-07-24,KOSPI,2608.47,2636.06,2595.21,2628.53,,529363008,19050400,2083820030,661363970,,,,,,,9884670,54153300
2023-07-25,KOSPI,2643.35,2646.71,2621.6,2636.46,,723472000,19204600,2090019970,660321020,,,,,,,9919760,55411900
2023-07-26,KOSPI,2638.76,2639.21,2580.98,2592.36,,834105980,36348200,2054940030,653070020,,,,,,,9978580,57787800
2023-07-27,KOSPI,2599.82,2617.61,2586.36,2603.81,,594163010,24076400,2064700030,663505980,,,,,,,10082600,58199100
2023-07-28,KOSPI,2593.67,2609.54,2586.33,2608.32,,503267008,16807300,2068130050,661193980,,,,,,,10117900,55729500
2023-07-31,KOSPI,2628.87,2639.45,2622.21,2632.58,,454243008,15688000,2085910020,660211970,,,,,,,10059300,55986600
2023-08-01,KOSPI,2644.34,2668.21,2639.1,2667.07,,493643008,15851900,2113139970,670592000,,,,,,,10126400,57160500
2023-08-02,KOSPI,2651.53,2660.9,2611.77,2616.47,,704673980,16001900,2073670020,657491970,,,,,,,10249200,55277700
2023-08-03,KOSPI,2624.76,2625.45,2591.3,2605.39,,789416000,14921500,2064280060,652121980,,,,,,,10315900,54862800
2023-08-04,KOSPI,2606.17,2612.3,2598.38,2602.8,,645750020,10971400,2061750020,650376000,,,,,,,10383100,54184400
2023-08-07,KOSPI,2591.58,2607.36,2580.71,2580.71,,504071008,11894500,2044889980,649553020,,,,,,,10464000,54351000
2023-08-08,KOSPI,2598.29,2601.41,2568.15,2573.98,,638419010,12435400,2039629950,644878020,,,,,,,10528300,53349000
2023-08-09,KOSPI,2580.6,2608.98,2576.21,2605.12,,467527008,10326300,2064560000,652417020,,,,,,,10479500,52716800
2023-08-10,KOSPI,2592.4,2601.56,2590.02,2601.56,,568155010,11349000,2061340030,649001020,,,,,,,10506500,52886600
2023-08-11,KOSPI,2611.25,2616.84,2589.94,2591.26,,675390020,10513500,2053369980,645942020,,,,,,,10511200,53213400
2023-08-14,KOSPI,2586.51,2592.91,2561.88,2570.87,,624377980,9995330,2037190020,641174980,,,,,,,10595000,53528100
2023-08-16,KOSPI,2550.13,2550.53,2520.87,2525.64,,685136000,12025500,2001820030,633494980,,,,,,,10607900,55680900
2023-08-17,KOSPI,2512.92,2520.56,2482.06,2519.85,,735132990,10727600,1997270020,631844990,,,,,,,10647200,53960400
2023-08-18,KOSPI,2495.18,2519.6,2489.63,2504.5,,557785020,10776800,1985149950,628740990,,,,,,,10592400,52594000
2023-08-21,KOSPI,2511.7,2524.41,2505.59,2508.8,,399459008,8524820,1988809980,629691010,,,,,,,10514800,52809900
2023-08-22,KOSPI,2528.39,2533.43,2509.53,2515.74,,471808992,9270270,1994099970,631153980,,,,,,,10477900,51751200
2023-08-23,KOSPI,2510,2517.51,2499.89,2505.5,,547169980,8577990,1986579970,631067010,,,,,,,10481400,51488700
2023-08-24,KOSPI,2531.78,2539.44,2520.73,2537.68,,441140000,10099500,2012080000,639947010,,,,,,,10431900,52067700
2023-08-25,KOSPI,2505.39,2526.37,2502.05,2519.14,,577384000,8302850,1997699970,632745980,,,,,,,10482500,51391300
2023-08-28,KOSPI,2534.42,2543.41,2525.64,2543.41,,483588000,8221910,2015830020,634729980,,,,,,,10457900,52743700
2023-08-29,KOSPI,2550.76,2556.98,2545.27,2552.16,,441366016,8275020,2022520060,636760000,,,,,,,10496900,51589800
2023-08-30,KOSPI,2575.42,2578.62,2561.22,2561.22,,364003008,7765440,2029670020,639246980,,,,,,,10504600,51489900
2023-08-31,KOSPI,2564.45,2568.06,2547.72,2556.27,,473168992,11335000,2025219970,638862020,,,,,,,10531600,51578900
2023-09-01,KOSPI,2551.93,2568.42,2551.04,2563.71,,493367008,10029700,2033319940,650449980,,,,,,,10546300,52846800
2023-09-04,KOSPI,2566.93,2584.55,2560.32,2584.55,,342072992,8699610,2050029950,655382020,,,,,,,10577100,52673200
2023-09-05,KOSPI,2578.91,2586.65,2575.19,2582.18,,384579008,7590070,2048140030,653697980,,,,,,,10595100,51301300
2023-09-06,KOSPI,2577.41,2585.98,2560.09,2563.34,,422126016,7626690,2033219970,649164030,,,,,,,10546000,51306700
2023-09-07,KOSPI,2554.87,2562.42,2539.24,2548.26,,377271008,8325830,2021629950,648753020,,,,,,,10555300,52481000
2023-09-08,KOSPI,2546.07,2550.96,2530.05,2547.68,,396288992,7718990,2020839940,646236030,,,,,,,10596700,51061500
2023-09-11,KOSPI,2549.88,2556.89,2540.44,2556.88,,411070016,8340730,2027849980,648809980,,,,,,,10569200,52005700
2023-09-12,KOSPI,2566.42,2568.55,2535.15,2536.58,,359409984,8927210,2012509950,645689020,,,,,,,10567200,51005000
2023-09-13,KOSPI,2536.22,2549.38,2528.18,2534.7,,417576000,9271000,2011459970,648198980,,,,,,,10601200,52158500
2023-09-14,KOSPI,2544.89,2572.89,2541.11,2572.89,,412508992,9577500,2041170050,656555010,,,,,,,10595400,52192500
2023-09-15,KOSPI,2574.98,2611,2572.37,2601.28,,441729984,11995200,2063459970,663395970,,,,,,,10515900,49306700
2023-09-18,KOSPI,2588.69,2596.55,2573.26,2574.72,,416289984,8772090,2042000000,652880000,,,,,,,10452800,50001400
2023-09-19,KOSPI,2579.36,2583.25,2555.46,2559.21,,462342016,7827320,2030130050,649750980,,,,,,,10383500,50681500
2023-09-20,KOSPI,2556.55,2566.62,2551.12,2559.74,,414668000,7571720,2030279940,649113980,,,,,,,10452100,50850000
2023-09-21,KOSPI,2544.81,2549.63,2514.96,2514.97,,394676000,7803100,1995559940,639238980,,,,,,,10495900,50859100
2023-09-22,KOSPI,2491.45,2513.26,2486.14,2508.13,,433184000,7063030,1988870020,637315970,,,,,,,10503300,48030400
2023-09-25,KOSPI,2504.1,2509.38,2486.44,2495.76,,438615008,7459540,1979049980,637139010,,,,,,,10520000,48149500
2023-09-26,KOSPI,2493.64,2495,2461.59,2462.97,,427476000,7060840,1953459970,628270980,,,,,,,10436200,52631400
2023-09-27,KOSPI,2447.99,2469.72,2445.51,2465.07,,366240992,6761280,1955820030,627510020,,,,,,,10322900,49990000
2023-10-04,KOSPI,2435.78,2435.78,2402.84,2405.69,,424859008,10244700,1909059970,614760000,,,,,,,10217400,52246700
2023-10-05,KOSPI,2423.35,2426.61,2402.5,2403.6,,451721984,9141360,1912220030,613955010,,,,,,,10156400,50491800
2023-10-06,KOSPI,2408.81,2421.18,2403.92,2408.73,,289392000,6522750,1916150020,613632000,,,,,,,10092400,47445200
2023-10-10,KOSPI,2436.58,2448.24,2402.44,2402.58,,416004000,9505950,1912039940,615340030,,,,,,,9910340,46538900
2023-10-11,KOSPI,2436.52,2463.56,2436.52,2450.08,,446948992,9140840,1949660030,625236990,,,,,,,9878020,46785900
2023-10-12,KOSPI,2465.19,2479.82,2464.84,2479.82,,515452000,8929120,1973340030,633364990,,,,,,,9759550,49099000
2023-10-13,KOSPI,2460.85,2466.62,2452.83,2456.15,,582883970,7164460,1955250050,628142980,,,,,,,9714860,49492000
2023-10-16,KOSPI,2442.43,2453.77,2422.52,2436.24,,788355970,8393100,1939010050,622920000,,,,,,,9729070,47762800
2023-10-17,KOSPI,2454.14,2466.87,2449.42,2460.17,,509375008,7711250,1958109950,632529980,,,,,,,9795970,46595600
2023-10-18,KOSPI,2452.05,2465.33,2450.78,2462.6,,911545980,8897570,1960050050,637065020,,,,,,,9791630,46635300
2023-10-19,KOSPI,2431.92,2433.45,2412.55,2415.8,,756947010,9054470,1923750020,626198020,,,,,,,9764800,47248900
2023-10-20,KOSPI,2391.54,2394.67,2364.01,2375,,521208000,9295960,1892280060,618680000,,,,,,,9718000,47898500
2023-10-23,KOSPI,2370.07,2375.79,2354.7,2357.02,,395929984,7117570,1877779970,613420030,,,,,,,9615350,48228800
2023-10-24,KOSPI,2371.55,2384.14,2326.67,2383.51,,444164992,7949280,1898109950,617760000,,,,,,,9413230,47034000
2023-10-25,KOSPI,2389.23,2389.9,2362.69,2363.17,,440807008,7832200,1882419970,614331010,,,,,,,9308820,46534100
2023-10-26,KOSPI,2325.82,2330.55,2299.08,2299.08,,531072992,9251520,1832029950,598057980,,,,,,,9254710,48547400
2023-10-27,KOSPI,2311.59,2321.84,2293.05,2302.81,,514876000,8009950,1834540030,599075970,,,,,,,9250730,48446000
2023-10-30,KOSPI,2292.34,2317.75,2292.34,2310.55,,444841984,6954630,1840679940,599022980,,,,,,,9088000,47194500
2023-10-31,KOSPI,2318.39,2322.45,2273.97,2277.99,,394982016,8233070,1815420030,592865980,,,,,,,8976980,46057000
2023-11-01,KOSPI,2292.89,2312.15,2288.64,2301.56,,358156992,6739280,1835320060,602552000,,,,,,,8929140,46012000
2023-11-02,KOSPI,2334.96,2351.91,2333.41,2343.12,,377462016,7679300,1868120060,612750020,,,,,,,8888670,45021500
2023-11-03,KOSPI,2365.59,2370.28,2351.83,2368.34,,578662020,8040960,1887970050,617814020,,,,,,,8790990,44682000
2023-11-06,KOSPI,2399.8,2502.37,2395.03,2502.37,,528584992,15225500,1991920000,643361980,,,,,,,8763560,47429800
2023-11-07,KOSPI,2476.35,2476.35,2418.74,2443.96,,457676000,12086600,1947079940,633041020,,,,,,,8750450,47810100
2023-11-08,KOSPI,2460.22,2468.43,2418.14,2421.62,,467216992,7667330,1929360000,625680000,,,,,,,8806010,47870300
2023-11-09,KOSPI,2425.93,2437.9,2413.04,2427.08,,395031008,7288450,1933619970,628625020,,,,,,,8998630,47202400
2023-11-10,KOSPI,2406.4,2413.62,2393.64,2409.66,,312468000,5825600,1923180030,627332990,,,,,,,9014290,48174400
2023-11-13,KOSPI,2431.24,2435.32,2399.04,2403.76,,307123008,5934170,1918620030,626465980,,,,,,,9005890,47908200
2023-11-14,KOSPI,2424.93,2442.37,2422.97,2433.25,,306964000,6382100,1942200060,632096000,,,,,,,8978350,47007300
2023-11-15,KOSPI,2482.21,2487.42,2468.43,2486.67,,419843008,9328220,1984029950,646172990,,,,,,,8946330,47585400
2023-11-16,KOSPI,2483.48,2491.98,2472.69,2488.18,,407440992,6806410,1985490050,648096000,,,,,,,8890640,46823700
2023-11-17,KOSPI,2477.43,2481.1,2463.59,2469.85,,388974016,8129520,1974349950,644006980,,,,,,,8806400,46961100
